job_id,time_m1,time_m2,time_m3,due_date,completion_time_edd,delay_edd
918,14.76,19.72,7.54,89.91,42.02,0.0
806,11.86,10.89,13.29,115.3,58.65,0.0
427,6.76,7.41,12.83,118.05,71.48,0.0
283,8.91,5.68,19.34,136.64,90.83,0.0
269,10.05,7.86,13.96,158.77,104.79,0.0
736,14.86,6.61,18.23,173.52,123.02,0.0
854,8.61,5.17,17.7,177.79,140.71,0.0
334,5.79,9.12,8.8,178.27,149.51,0.0
58,13.68,8.49,19.8,184.77,169.31,0.0
20,16.23,13.52,10.01,203.34,179.31,0.0
573,8.49,19.95,8.76,220.05,188.08,0.0
534,9.25,12.27,14.71,231.75,202.79,0.0
133,16.14,13.57,16.11,256.52,218.9,0.0
351,14.34,6.8,6.48,268.78,225.38,0.0
646,14.38,11.92,5.6,294.72,230.98,0.0
102,16.66,5.48,16.2,306.03,247.18,0.0
759,12.62,18.96,19.28,308.47,266.46,0.0
576,8.65,6.94,6.36,310.71,272.82,0.0
690,12.65,15.5,17.55,313.5,290.37,0.0
72,16.61,12.77,11.06,322.35,301.43,0.0
499,13.84,9.73,11.09,336.38,312.52,0.0
962,18.18,19.71,17.63,337.29,330.14,0.0
928,14.37,7.37,8.14,346.42,338.28,0.0
956,18.1,6.09,9.04,350.29,347.32,0.0
96,8.08,14.63,10.84,362.09,358.16,0.0
912,6.53,12.23,15.08,366.14,373.24,7.1
610,9.95,5.36,14.84,378.94,388.08,9.14
922,14.5,6.84,16.09,391.46,404.17,12.71
237,19.81,9.11,17.71,447.25,421.88,0.0
227,9.96,15.64,13.41,462.37,435.29,0.0
313,14.18,16.37,15.9,489.21,451.19,0.0
850,14.34,19.85,5.47,515.61,456.66,0.0
693,11.45,10.42,16.68,524.87,473.34,0.0
594,16.25,11.98,12.42,528.35,485.76,0.0
560,14.03,6.77,7.76,534.81,493.52,0.0
175,9.45,15.34,19.43,549.19,512.95,0.0
970,11.04,17.13,15.06,562.5,528.01,0.0
83,10.62,19.68,11.05,565.4,539.06,0.0
57,19.44,16.51,15.33,575.35,554.38,0.0
996,7.52,17.56,11.01,591.14,565.39,0.0
65,7.43,16.14,17.67,600.33,583.06,0.0
588,13.23,15.4,12.9,601.08,595.96,0.0
949,8.07,10.41,18.48,650.98,614.44,0.0
45,15.62,17.91,6.31,659.93,620.75,0.0
398,5.54,7.32,18.07,673.84,638.83,0.0
249,14.11,8.33,19.92,692.78,658.75,0.0
951,7.51,19.69,13.53,695.42,672.28,0.0
137,5.33,16.26,7.72,697.11,680.0,0.0
921,10.02,17.46,9.65,697.96,689.66,0.0
349,8.01,18.44,17.29,741.21,706.94,0.0
445,10.08,14.01,19.94,752.34,726.88,0.0
584,12.13,7.13,11.59,752.45,738.47,0.0
987,6.89,18.12,6.43,756.02,744.9,0.0
957,10.21,17.11,11.79,803.43,757.38,0.0
700,13.75,11.23,11.5,803.78,768.88,0.0
664,8.24,13.28,14.35,830.25,784.45,0.0
982,15.95,14.05,18.01,843.09,802.46,0.0
128,6.79,12.0,8.01,852.78,810.47,0.0
322,5.09,9.34,5.24,857.32,815.71,0.0
728,9.5,7.91,18.06,872.17,833.77,0.0
151,16.25,16.09,13.38,883.87,847.15,0.0
286,14.55,9.68,18.92,887.65,866.06,0.0
169,11.67,14.42,7.96,890.02,874.02,0.0
906,6.31,14.08,19.41,890.17,893.43,3.26
713,11.25,11.34,14.42,920.79,907.85,0.0
344,11.82,16.44,14.64,945.0,922.49,0.0
620,16.86,13.78,14.79,958.0,937.28,0.0
132,5.68,16.7,18.63,976.6,955.91,0.0
750,12.58,18.61,17.94,979.45,973.85,0.0
974,9.14,11.86,14.04,980.7,987.89,7.19
554,9.86,5.89,6.49,991.51,994.38,2.87
366,9.91,13.66,7.81,993.37,1002.19,8.83
849,19.33,10.75,6.3,1027.41,1008.49,0.0
103,11.42,10.73,5.3,1030.87,1013.79,0.0
619,15.57,12.44,7.83,1037.56,1021.63,0.0
78,12.49,6.46,8.17,1067.18,1029.8,0.0
495,7.58,13.94,5.32,1086.75,1035.58,0.0
778,9.91,15.66,11.92,1095.44,1057.84,0.0
681,9.21,12.23,8.93,1099.69,1067.1,0.0
916,8.95,14.4,19.26,1119.64,1091.82,0.0
540,19.21,8.01,9.59,1121.36,1101.41,0.0
649,7.69,19.33,14.81,1154.72,1116.22,0.0
62,14.29,19.03,15.69,1157.8,1134.62,0.0
525,16.91,5.55,12.91,1160.24,1147.53,0.0
360,15.03,19.28,18.02,1196.82,1165.55,0.0
215,13.25,7.99,9.6,1205.81,1175.15,0.0
729,10.06,5.59,7.33,1215.94,1182.48,0.0
253,15.97,15.91,15.98,1217.3,1198.46,0.0
822,10.04,12.08,12.06,1247.5,1210.53,0.0
388,9.94,7.96,11.08,1251.49,1221.6,0.0
463,9.05,12.14,8.35,1261.41,1229.95,0.0
901,8.94,16.86,13.35,1294.46,1243.3,0.0
70,17.85,7.64,14.93,1304.87,1258.23,0.0
458,19.86,5.94,12.2,1356.86,1270.43,0.0
308,10.89,15.93,19.12,1386.22,1289.55,0.0
147,14.28,16.17,18.15,1391.73,1307.7,0.0
833,18.6,19.45,15.05,1401.79,1322.75,0.0
883,17.62,14.19,19.15,1406.51,1341.89,0.0
304,19.08,16.83,11.85,1410.99,1353.74,0.0
142,5.58,10.95,13.49,1423.15,1367.23,0.0
698,18.51,18.31,11.59,1438.08,1378.82,0.0
311,9.44,15.86,10.47,1458.81,1389.29,0.0
662,16.62,14.52,14.43,1460.63,1403.73,0.0
134,5.52,13.17,13.31,1473.83,1417.04,0.0
46,11.62,5.3,7.31,1481.44,1424.35,0.0
874,7.36,10.95,19.92,1488.95,1444.27,0.0
318,11.6,5.48,17.34,1495.76,1461.61,0.0
170,18.65,17.64,7.26,1507.82,1468.87,0.0
450,7.0,18.78,12.81,1523.69,1481.68,0.0
204,11.88,12.55,13.47,1529.07,1495.14,0.0
323,5.49,8.64,13.86,1557.51,1509.0,0.0
500,17.04,5.75,12.27,1565.95,1521.27,0.0
461,7.96,18.11,9.29,1601.09,1530.56,0.0
791,9.63,9.13,16.77,1611.35,1547.33,0.0
852,17.48,18.57,12.72,1612.93,1560.05,0.0
478,9.8,18.56,15.97,1616.21,1576.01,0.0
232,13.98,19.12,9.62,1627.4,1585.63,0.0
895,12.0,16.68,8.61,1633.94,1594.24,0.0
535,15.3,17.07,9.06,1643.99,1603.3,0.0
553,8.49,7.99,8.24,1647.18,1611.54,0.0
369,10.31,11.88,16.76,1658.57,1630.2,0.0
787,17.0,19.48,5.97,1663.61,1638.88,0.0
332,12.56,6.82,5.75,1726.02,1645.48,0.0
551,9.32,12.0,18.46,1726.84,1670.2,0.0
26,6.42,7.1,14.62,1731.4,1684.82,0.0
926,6.06,11.72,8.73,1736.56,1693.56,0.0
893,12.39,19.93,14.63,1742.91,1708.19,0.0
920,13.02,15.23,6.49,1758.4,1714.68,0.0
498,10.13,8.7,15.72,1767.29,1730.4,0.0
127,11.39,13.7,18.03,1776.27,1748.43,0.0
672,13.15,11.79,11.66,1776.92,1760.09,0.0
183,19.34,9.24,15.96,1807.9,1776.05,0.0
761,14.37,7.85,15.98,1823.63,1792.03,0.0
190,16.16,12.28,19.45,1851.42,1811.48,0.0
824,7.56,14.15,10.57,1904.27,1822.05,0.0
226,19.97,5.68,16.56,1909.95,1838.62,0.0
346,9.75,5.77,6.41,1921.85,1845.02,0.0
413,5.79,12.47,8.04,1924.47,1853.06,0.0
289,14.56,16.8,11.79,1938.53,1864.85,0.0
297,18.45,18.04,14.67,1951.57,1879.52,0.0
596,14.02,14.45,19.96,1953.37,1899.48,0.0
214,13.98,17.31,12.07,1995.25,1911.55,0.0
917,15.95,19.82,13.37,2000.54,1924.92,0.0
660,9.22,14.7,10.21,2001.89,1935.13,0.0
894,11.74,11.27,8.45,2007.87,1943.59,0.0
242,19.46,16.22,9.3,2015.57,1952.88,0.0
180,18.01,6.51,7.66,2018.77,1960.55,0.0
865,13.81,18.87,17.2,2021.06,1978.56,0.0
198,8.56,6.56,13.95,2028.06,1992.51,0.0
950,7.58,16.68,10.24,2030.89,2002.76,0.0
482,9.5,14.59,19.45,2033.03,2022.21,0.0
340,16.19,12.28,9.26,2044.22,2031.47,0.0
828,12.66,7.42,11.63,2066.12,2043.1,0.0
196,8.31,9.03,9.55,2101.4,2052.66,0.0
16,12.7,12.4,13.74,2104.89,2066.4,0.0
989,12.74,12.22,15.83,2110.57,2082.23,0.0
270,14.26,9.37,11.16,2133.97,2093.39,0.0
740,6.51,19.98,6.58,2148.55,2099.97,0.0
716,10.59,14.58,5.91,2189.58,2105.88,0.0
999,18.69,14.75,10.24,2214.92,2121.46,0.0
466,14.24,5.08,8.65,2255.38,2130.11,0.0
955,5.21,14.58,12.11,2258.15,2142.99,0.0
557,5.09,8.39,7.15,2267.59,2150.14,0.0
111,12.83,10.98,8.15,2314.72,2158.4,0.0
394,19.95,8.92,8.99,2316.93,2168.15,0.0
6,13.33,18.52,17.27,2318.09,2194.95,0.0
348,10.03,18.1,9.8,2337.31,2205.59,0.0
104,15.05,9.01,12.79,2342.3,2218.38,0.0
985,14.08,19.59,16.83,2344.54,2241.22,0.0
155,14.72,15.99,12.63,2387.95,2253.85,0.0
272,5.59,9.45,19.97,2394.1,2273.82,0.0
790,12.58,15.39,11.69,2394.43,2285.51,0.0
444,6.48,5.55,5.16,2407.62,2290.67,0.0
665,14.71,16.6,19.4,2424.02,2310.07,0.0
265,12.6,14.3,13.52,2428.61,2323.59,0.0
462,8.35,6.16,9.41,2449.44,2333.0,0.0
633,12.25,5.37,10.36,2483.51,2343.36,0.0
632,17.17,6.49,6.77,2495.18,2350.13,0.0
99,16.45,8.6,12.1,2501.59,2362.24,0.0
595,13.09,8.01,7.66,2526.68,2369.89,0.0
779,9.23,7.56,18.32,2545.25,2388.21,0.0
274,16.44,5.76,9.79,2565.49,2398.0,0.0
287,13.96,9.04,19.24,2594.75,2417.24,0.0
745,15.14,15.1,7.81,2603.17,2425.05,0.0
67,11.38,10.72,7.92,2611.09,2432.97,0.0
501,17.85,15.17,10.49,2639.55,2443.46,0.0
481,5.01,7.32,8.1,2641.6,2451.56,0.0
624,14.14,14.56,7.92,2650.99,2459.47,0.0
352,5.67,10.28,11.91,2661.3,2471.38,0.0
767,5.61,12.98,7.99,2667.87,2479.37,0.0
884,17.73,14.45,12.38,2687.86,2491.74,0.0
447,10.72,12.78,17.94,2735.31,2509.68,0.0
707,16.85,17.96,17.8,2751.02,2527.47,0.0
162,15.17,5.99,10.56,2759.06,2538.04,0.0
585,14.56,19.86,6.43,2761.97,2544.47,0.0
186,8.6,9.94,14.03,2766.73,2558.49,0.0
642,6.82,16.12,7.66,2772.66,2566.15,0.0
880,5.98,6.97,16.69,2777.48,2582.84,0.0
31,11.01,8.91,15.66,2777.63,2598.5,0.0
164,15.28,12.81,9.95,2783.56,2608.45,0.0
863,16.88,9.15,8.55,2792.51,2617.0,0.0
457,13.06,11.98,13.77,2805.3,2630.77,0.0
613,10.73,8.9,7.11,2833.36,2637.88,0.0
28,12.11,10.15,11.81,2835.95,2649.7,0.0
789,6.65,7.26,15.08,2836.76,2664.78,0.0
326,16.21,15.74,9.79,2844.75,2674.56,0.0
550,15.51,6.78,14.53,2847.1,2689.09,0.0
749,6.45,18.16,6.92,2866.72,2696.01,0.0
717,9.75,10.63,8.87,2885.26,2704.88,0.0
936,7.88,5.62,6.94,2888.84,2711.82,0.0
625,15.31,11.37,5.52,2899.45,2717.34,0.0
788,7.73,6.04,5.04,2907.24,2722.38,0.0
475,5.33,13.95,8.45,2907.99,2730.83,0.0
328,13.07,10.79,12.36,2914.34,2743.19,0.0
285,15.77,12.48,18.54,2925.99,2761.73,0.0
319,9.9,18.46,18.84,2936.93,2780.57,0.0
421,11.66,17.46,8.32,2943.44,2788.89,0.0
678,7.77,6.88,7.8,2955.53,2796.68,0.0
406,15.85,18.44,19.39,2968.17,2816.07,0.0
914,12.98,19.45,9.35,3002.72,2825.43,0.0
606,16.75,8.28,18.67,3010.04,2844.1,0.0
341,16.44,10.7,11.27,3016.48,2855.37,0.0
184,10.72,12.89,14.41,3049.77,2869.78,0.0
29,13.7,8.77,7.18,3066.79,2876.96,0.0
841,9.11,19.38,15.2,3077.91,2892.16,0.0
862,13.73,7.68,19.32,3081.95,2911.49,0.0
838,18.57,13.7,15.6,3084.25,2927.09,0.0
163,19.52,13.1,19.85,3117.99,2946.94,0.0
40,7.62,10.73,11.7,3131.25,2958.63,0.0
210,5.52,14.36,16.81,3155.94,2975.45,0.0
277,5.85,6.69,8.33,3159.11,2983.78,0.0
389,14.3,17.38,9.67,3175.77,2993.45,0.0
898,15.26,15.52,19.92,3303.06,3013.37,0.0
832,7.45,19.06,17.81,3322.74,3031.18,0.0
433,8.36,19.02,9.65,3341.25,3040.83,0.0
866,13.99,6.49,6.4,3342.06,3047.23,0.0
254,12.2,10.86,16.89,3348.78,3064.12,0.0
238,19.09,5.74,9.93,3360.19,3074.05,0.0
659,6.56,9.88,16.46,3387.3,3090.5,0.0
395,5.71,9.05,19.27,3432.22,3109.77,0.0
141,12.17,15.01,8.77,3474.46,3118.54,0.0
486,12.49,5.95,14.35,3501.84,3132.89,0.0
517,6.16,9.88,16.3,3535.23,3149.19,0.0
469,18.54,16.1,16.34,3574.43,3165.53,0.0
432,16.8,13.26,14.3,3611.6,3179.83,0.0
904,11.77,17.81,8.82,3624.88,3188.65,0.0
851,7.33,11.37,16.4,3637.88,3205.04,0.0
743,17.16,5.98,7.09,3640.08,3212.13,0.0
785,17.84,8.11,10.75,3660.27,3222.88,0.0
705,13.8,10.61,17.54,3691.67,3240.42,0.0
758,9.81,8.01,5.24,3706.85,3245.66,0.0
441,17.66,8.44,12.22,3708.53,3257.88,0.0
77,10.1,16.61,14.27,3720.37,3272.14,0.0
615,18.07,8.86,17.14,3721.11,3289.28,0.0
932,12.74,5.57,18.75,3727.01,3308.03,0.0
401,9.86,8.15,17.49,3728.79,3325.52,0.0
178,10.47,12.64,19.9,3742.5,3345.42,0.0
25,18.09,5.71,7.97,3743.97,3353.39,0.0
541,8.88,15.45,9.13,3750.07,3362.52,0.0
967,11.83,14.7,9.4,3759.98,3371.92,0.0
890,15.82,5.24,16.16,3770.84,3388.08,0.0
797,6.11,11.04,13.42,3778.88,3401.5,0.0
443,11.65,17.63,13.28,3799.95,3414.77,0.0
870,13.02,10.8,12.33,3822.7,3427.1,0.0
14,17.21,18.36,14.77,3827.27,3441.87,0.0
935,13.4,9.19,5.1,3828.13,3446.97,0.0
856,11.45,11.23,11.46,3834.35,3458.43,0.0
225,11.08,5.36,9.55,3854.59,3467.98,0.0
522,13.26,9.4,6.25,3892.03,3474.23,0.0
74,16.86,10.33,18.95,3922.42,3493.18,0.0
737,10.31,11.91,19.67,3953.73,3512.84,0.0
992,7.38,13.71,18.9,3956.1,3531.75,0.0
876,14.18,13.63,6.47,3972.55,3538.22,0.0
590,10.05,10.35,8.36,3986.17,3546.58,0.0
840,9.8,13.29,18.09,3987.13,3564.68,0.0
635,8.63,5.89,8.46,4006.95,3573.14,0.0
367,7.91,16.32,18.07,4030.22,3591.2,0.0
117,9.3,14.67,19.01,4047.09,3610.21,0.0
69,19.24,8.9,5.41,4048.62,3615.62,0.0
387,19.15,15.01,8.63,4075.35,3624.25,0.0
459,17.46,10.83,11.99,4085.1,3636.24,0.0
248,18.24,15.32,5.86,4116.26,3642.1,0.0
41,7.41,17.64,13.24,4136.19,3655.34,0.0
32,19.97,10.86,9.07,4146.33,3664.42,0.0
279,7.46,13.35,14.4,4175.36,3678.82,0.0
768,6.96,13.05,18.42,4219.11,3697.24,0.0
621,16.46,10.24,15.7,4220.66,3712.94,0.0
505,6.68,17.21,18.72,4248.74,3731.66,0.0
953,7.52,13.55,9.47,4323.1,3741.13,0.0
556,18.72,15.39,12.94,4330.7,3754.07,0.0
891,17.56,13.4,7.65,4334.92,3761.72,0.0
538,19.11,6.86,7.0,4349.94,3768.72,0.0
497,18.52,12.83,11.82,4361.74,3780.54,0.0
245,8.69,12.37,18.36,4361.83,3798.9,0.0
121,14.3,8.45,19.99,4383.18,3818.89,0.0
653,19.85,13.54,11.0,4401.62,3829.89,0.0
612,14.53,10.16,8.99,4450.66,3838.88,0.0
75,13.72,13.63,15.81,4461.51,3854.69,0.0
637,14.13,12.96,10.86,4469.0,3865.56,0.0
792,9.6,15.05,12.63,4513.07,3878.19,0.0
608,9.77,18.33,7.21,4517.68,3885.4,0.0
199,6.99,11.97,17.17,4521.15,3902.57,0.0
338,9.1,18.16,6.41,4550.01,3908.98,0.0
846,16.72,13.4,5.88,4602.6,3914.86,0.0
976,8.89,15.04,10.45,4605.18,3925.31,0.0
34,8.48,5.15,6.2,4610.74,3931.51,0.0
371,16.46,15.01,16.78,4647.89,3948.29,0.0
59,8.34,18.2,6.8,4662.7,3955.1,0.0
812,16.08,8.0,14.74,4681.26,3969.84,0.0
658,5.22,16.97,16.52,4699.91,3986.36,0.0
964,14.4,8.96,16.18,4710.94,4002.54,0.0
354,20.0,7.06,19.19,4719.45,4021.73,0.0
601,15.17,16.01,19.88,4725.79,4041.61,0.0
336,18.72,17.81,14.39,4756.81,4055.99,0.0
616,19.83,19.67,5.39,4769.56,4061.38,0.0
875,5.8,6.35,5.06,4789.93,4066.44,0.0
480,5.2,16.16,13.02,4814.47,4079.45,0.0
973,13.78,6.79,17.29,4845.7,4096.74,0.0
868,10.07,15.9,16.98,4855.09,4113.73,0.0
730,10.65,5.33,5.66,4863.84,4119.38,0.0
144,7.42,18.6,13.55,4868.93,4132.94,0.0
281,16.36,14.59,18.54,4873.13,4151.48,0.0
558,12.04,15.93,18.96,4918.73,4170.44,0.0
150,13.92,15.97,18.04,4960.59,4188.48,0.0
518,10.93,18.91,16.52,4961.15,4205.0,0.0
382,12.79,16.92,11.44,4978.97,4216.44,0.0
494,16.99,11.51,7.73,5003.65,4224.17,0.0
574,18.35,14.4,16.37,5009.94,4240.54,0.0
260,7.83,14.71,12.22,5011.49,4252.76,0.0
187,18.23,9.87,9.52,5032.79,4262.28,0.0
470,8.42,12.48,16.41,5071.34,4278.69,0.0
925,12.92,12.3,8.96,5072.52,4287.65,0.0
903,9.55,13.23,5.72,5088.35,4293.37,0.0
816,5.32,7.9,12.57,5096.18,4305.94,0.0
569,19.84,6.37,6.64,5175.84,4312.58,0.0
489,12.52,19.63,10.41,5193.47,4322.99,0.0
993,10.18,12.79,14.19,5210.2,4337.18,0.0
676,5.14,9.27,19.26,5211.95,4356.44,0.0
148,18.43,19.64,13.74,5268.54,4370.18,0.0
145,6.07,14.45,5.88,5289.15,4376.07,0.0
677,7.31,16.83,13.91,5305.34,4389.97,0.0
442,18.74,16.46,19.79,5305.86,4409.76,0.0
597,19.61,17.37,10.35,5306.48,4420.1,0.0
943,7.02,6.11,15.12,5322.97,4435.22,0.0
483,10.62,10.41,14.51,5329.82,4449.74,0.0
321,14.74,15.44,19.83,5354.02,4469.56,0.0
834,16.94,8.59,18.97,5362.41,4488.54,0.0
933,12.67,6.07,12.6,5406.35,4501.14,0.0
89,14.8,14.47,12.94,5411.32,4514.08,0.0
342,19.74,7.91,5.23,5419.66,4519.31,0.0
689,7.21,12.59,9.6,5444.85,4528.91,0.0
827,17.97,12.02,13.79,5448.36,4542.71,0.0
959,19.97,13.25,12.91,5479.45,4555.61,0.0
12,9.35,13.86,12.92,5492.38,4568.53,0.0
592,12.37,11.89,13.05,5495.06,4581.59,0.0
748,10.48,17.4,6.14,5527.1,4587.73,0.0
378,7.02,11.21,6.11,5540.6,4593.83,0.0
403,8.86,14.18,6.28,5547.89,4600.12,0.0
4,8.06,7.68,7.83,5553.85,4607.95,0.0
399,6.89,11.22,18.9,5559.99,4626.85,0.0
268,15.19,18.06,9.68,5565.84,4636.53,0.0
988,11.62,6.76,12.39,5566.75,4648.92,0.0
811,18.08,18.58,8.26,5567.58,4657.18,0.0
927,17.89,8.74,18.13,5581.75,4675.31,0.0
975,13.59,8.0,5.48,5582.7,4680.79,0.0
219,18.23,11.36,8.39,5586.36,4689.19,0.0
52,9.22,16.08,16.7,5597.99,4705.88,0.0
114,18.71,17.3,18.44,5607.53,4724.32,0.0
735,17.8,15.94,16.12,5616.12,4740.45,0.0
385,6.1,17.3,14.52,5648.25,4754.96,0.0
176,10.86,17.09,7.7,5656.07,4762.66,0.0
796,17.85,7.51,10.19,5692.09,4772.86,0.0
533,19.38,10.11,13.86,5723.95,4786.71,0.0
516,9.11,14.62,19.25,5760.64,4805.96,0.0
587,19.86,9.7,14.61,5770.15,4820.56,0.0
523,15.96,14.12,6.75,5808.15,4827.32,0.0
994,18.23,7.73,16.67,5848.38,4843.99,0.0
586,10.87,10.31,17.25,5849.71,4861.24,0.0
473,14.19,8.01,19.27,5870.72,4880.5,0.0
784,18.75,13.23,19.01,5875.21,4899.52,0.0
393,12.45,14.76,12.23,5902.68,4911.74,0.0
250,18.5,19.04,10.77,5919.81,4922.52,0.0
836,16.63,5.84,7.17,5920.16,4929.69,0.0
396,17.68,14.15,10.31,5953.59,4940.0,0.0
257,5.78,14.47,11.73,5958.18,4951.73,0.0
105,14.24,19.03,16.29,5977.38,4968.02,0.0
605,5.56,18.8,11.58,5979.13,4979.6,0.0
324,11.46,16.78,13.3,5990.96,4992.9,0.0
288,15.9,5.12,8.64,6022.23,5001.54,0.0
794,10.57,8.94,15.72,6024.87,5017.25,0.0
71,10.29,7.54,14.25,6032.9,5031.5,0.0
305,11.24,16.27,8.24,6052.67,5039.74,0.0
799,10.85,11.22,13.24,6094.26,5052.98,0.0
656,7.02,8.9,19.67,6165.81,5072.65,0.0
738,10.33,12.39,6.38,6178.49,5079.03,0.0
419,8.66,17.98,11.11,6193.66,5090.14,0.0
49,7.55,19.25,16.05,6233.89,5106.19,0.0
543,10.12,16.89,10.91,6249.7,5117.11,0.0
847,7.28,8.36,10.24,6271.06,5127.34,0.0
577,5.47,18.23,7.11,6280.73,5134.45,0.0
230,7.14,13.45,7.16,6285.32,5141.61,0.0
345,17.49,9.37,16.93,6357.13,5158.53,0.0
709,8.93,6.56,14.91,6393.03,5173.45,0.0
100,9.64,12.87,10.83,6428.84,5184.27,0.0
407,9.19,18.46,5.06,6430.66,5189.33,0.0
356,7.36,5.52,13.05,6454.79,5202.39,0.0
694,5.86,18.06,19.06,6458.95,5221.44,0.0
110,16.41,10.39,5.17,6477.49,5226.61,0.0
548,11.66,18.85,14.0,6481.3,5240.61,0.0
938,8.51,12.27,13.55,6483.17,5254.16,0.0
611,7.6,9.07,13.55,6537.67,5267.71,0.0
775,13.52,18.75,13.15,6541.21,5280.87,0.0
7,14.73,6.86,5.08,6558.67,5285.95,0.0
370,18.66,18.99,17.75,6577.86,5303.7,0.0
90,15.66,19.82,12.59,6579.3,5316.29,0.0
496,8.65,17.63,15.14,6581.59,5331.43,0.0
793,7.01,19.57,11.21,6595.08,5342.63,0.0
317,11.49,19.49,17.72,6611.54,5360.35,0.0
514,17.47,5.85,12.71,6630.07,5373.06,0.0
567,18.36,13.21,8.99,6645.7,5382.05,0.0
22,8.14,10.85,19.05,6679.83,5401.1,0.0
177,17.26,13.57,8.94,6681.61,5410.04,0.0
701,12.91,14.69,8.54,6753.18,5418.58,0.0
755,19.21,8.41,18.79,6798.29,5437.36,0.0
839,7.62,15.15,19.03,6817.41,5456.39,0.0
124,13.41,12.23,9.25,6835.7,5465.64,0.0
940,10.17,9.0,16.13,6838.29,5481.78,0.0
263,5.68,17.16,16.29,6839.58,5498.07,0.0
966,6.9,5.01,18.44,6864.06,5516.51,0.0
325,15.86,18.45,18.73,6883.44,5535.24,0.0
202,15.63,15.0,13.35,6902.75,5548.59,0.0
941,14.04,7.7,15.66,6945.59,5564.25,0.0
188,11.81,11.74,11.07,6989.84,5575.32,0.0
683,17.49,5.89,8.87,7001.5,5584.19,0.0
333,13.85,19.24,7.7,7016.5,5591.89,0.0
853,12.12,13.88,16.75,7057.49,5608.64,0.0
609,12.34,9.09,7.4,7081.73,5616.04,0.0
774,18.83,10.69,5.47,7088.34,5621.51,0.0
634,9.99,19.14,10.53,7108.88,5632.04,0.0
106,19.37,10.25,9.18,7155.91,5641.21,0.0
282,11.07,18.8,8.75,7157.89,5649.97,0.0
948,18.87,17.74,17.36,7192.61,5667.33,0.0
408,9.05,11.6,10.3,7243.31,5677.62,0.0
247,15.8,18.95,13.66,7250.74,5691.28,0.0
160,5.55,17.39,7.37,7316.88,5698.65,0.0
476,10.66,12.75,15.03,7319.61,5713.68,0.0
290,10.0,6.83,17.8,7339.92,5731.48,0.0
696,17.59,9.46,5.61,7348.25,5737.09,0.0
820,19.89,10.77,13.47,7356.83,5750.55,0.0
278,6.69,9.38,11.53,7443.6,5762.08,0.0
867,8.66,12.7,10.0,7479.61,5772.08,0.0
422,19.05,10.02,9.05,7524.44,5781.13,0.0
266,15.55,19.39,19.9,7575.03,5801.03,0.0
256,18.27,19.67,10.24,7636.96,5811.28,0.0
673,9.61,17.36,15.22,7658.88,5826.5,0.0
623,8.47,19.02,12.56,7708.03,5839.06,0.0
209,15.42,9.57,8.69,7713.65,5847.74,0.0
94,15.77,9.31,7.97,7741.25,5855.71,0.0
92,16.86,16.22,15.22,7803.02,5870.93,0.0
93,19.49,5.02,11.35,7808.62,5882.29,0.0
977,16.4,10.01,10.55,7824.13,5892.84,0.0
900,6.94,5.54,13.15,7873.57,5905.99,0.0
519,13.8,17.08,17.71,7893.63,5923.7,0.0
708,5.94,11.61,12.67,7931.2,5936.37,0.0
908,13.24,9.24,14.66,7940.32,5951.03,0.0
390,18.86,7.04,11.23,7961.63,5962.26,0.0
602,17.83,12.96,17.85,7964.69,5980.11,0.0
762,14.75,14.7,13.31,7965.44,5993.42,0.0
44,13.69,8.35,10.9,7990.19,6004.32,0.0
604,6.12,17.06,7.63,7999.22,6011.95,0.0
772,9.78,9.49,15.28,8034.82,6027.23,0.0
889,14.06,10.23,12.74,8053.51,6039.97,0.0
229,11.84,5.2,11.6,8059.72,6051.57,0.0
312,12.23,8.7,5.16,8074.49,6056.74,0.0
776,18.24,12.29,5.64,8143.14,6062.37,0.0
424,12.67,12.76,5.74,8244.25,6068.11,0.0
119,8.5,8.63,7.2,8281.94,6075.31,0.0
95,14.54,12.93,18.12,8351.92,6093.43,0.0
639,8.66,18.17,6.93,8361.95,6100.36,0.0
549,14.92,15.63,9.68,8413.66,6110.04,0.0
23,15.7,14.28,14.9,8448.58,6124.94,0.0
54,6.88,14.46,5.78,8464.81,6130.72,0.0
726,15.96,7.86,8.91,8479.65,6139.63,0.0
614,12.97,10.81,16.85,8483.78,6156.48,0.0
415,6.49,7.22,8.43,8516.03,6164.91,0.0
212,16.68,13.93,8.4,8521.58,6173.31,0.0
710,12.31,10.49,9.37,8538.68,6182.68,0.0
167,6.2,5.55,14.95,8553.8,6197.62,0.0
320,13.19,10.15,15.79,8556.16,6213.42,0.0
436,12.59,11.67,18.06,8575.36,6231.48,0.0
511,14.15,14.22,8.8,8577.78,6240.28,0.0
418,18.98,14.46,19.32,8614.8,6259.6,0.0
246,6.36,5.83,14.49,8666.11,6274.09,0.0
280,19.79,15.02,19.21,8708.38,6293.3,0.0
674,13.62,11.42,18.93,8716.11,6312.23,0.0
644,14.8,18.02,14.29,8747.56,6326.52,0.0
979,5.18,13.48,13.26,8760.1,6339.79,0.0
88,18.65,7.74,6.36,8786.13,6346.15,0.0
732,13.11,10.37,13.55,8811.84,6359.7,0.0
157,10.51,18.33,9.51,8815.32,6369.21,0.0
578,17.82,16.03,10.82,8874.12,6380.03,0.0
109,11.18,11.57,19.72,8892.28,6399.75,0.0
66,13.14,19.63,5.11,8959.2,6404.86,0.0
942,17.9,12.47,12.95,8972.02,6417.81,0.0
965,8.34,13.71,17.33,8980.66,6435.14,0.0
564,12.0,9.0,5.61,9068.85,6440.74,0.0
291,11.9,15.77,14.55,9069.76,6455.29,0.0
923,16.8,6.67,6.19,9076.8,6461.48,0.0
513,15.57,10.34,5.81,9109.67,6467.29,0.0
484,10.25,11.08,10.72,9170.74,6478.01,0.0
118,7.35,9.66,11.63,9220.38,6489.64,0.0
39,5.05,16.03,15.55,9223.19,6505.19,0.0
11,14.14,15.76,16.62,9226.91,6521.81,0.0
228,9.25,9.47,14.68,9349.84,6536.49,0.0
954,18.33,6.51,7.69,9354.19,6544.19,0.0
502,12.93,13.82,18.25,9368.69,6562.44,0.0
310,9.28,13.08,6.91,9369.84,6569.36,0.0
374,13.85,12.17,14.8,9487.03,6584.15,0.0
165,14.07,18.34,12.41,9492.14,6596.56,0.0
487,9.69,7.78,14.43,9525.97,6610.99,0.0
365,16.84,6.57,11.87,9573.63,6622.86,0.0
330,5.64,10.32,16.52,9625.39,6639.38,0.0
537,7.21,12.11,11.68,9665.07,6651.06,0.0
997,7.37,15.29,16.87,9699.42,6667.93,0.0
56,17.79,13.82,5.44,9706.2,6673.37,0.0
364,6.72,18.31,5.09,9719.61,6678.46,0.0
273,13.05,15.65,13.38,9722.47,6691.84,0.0
924,12.06,17.04,7.85,9826.96,6699.7,0.0
197,13.98,13.77,19.8,9832.74,6719.49,0.0
971,15.03,16.44,9.12,9851.05,6728.61,0.0
813,8.82,16.95,12.92,9905.22,6741.53,0.0
1,15.98,11.5,17.0,9922.21,6758.53,0.0
580,7.16,19.21,11.61,10013.75,6770.45,0.0
763,15.88,5.1,8.11,10036.21,6778.56,0.0
429,19.13,8.87,19.83,10057.17,6798.39,0.0
236,19.88,8.97,16.13,10100.13,6814.53,0.0
691,6.6,16.89,7.75,10120.65,6822.28,0.0
27,6.0,19.19,11.03,10127.59,6833.31,0.0
191,5.77,18.91,13.14,10149.65,6849.91,0.0
107,19.78,10.81,9.36,10199.91,6859.27,0.0
831,8.43,10.29,9.59,10259.26,6868.86,0.0
402,15.99,17.2,9.8,10291.22,6884.86,0.0
688,6.83,6.97,11.76,10293.44,6896.62,0.0
627,6.46,12.55,15.43,10313.05,6912.05,0.0
771,6.13,10.38,17.04,10324.89,6929.09,0.0
53,5.53,5.21,12.6,10327.67,6941.69,0.0
275,19.78,18.47,8.11,10331.61,6949.79,0.0
375,10.95,8.59,13.22,10335.84,6963.01,0.0
990,11.72,7.15,7.91,10356.26,6970.92,0.0
477,15.12,19.42,14.73,10399.15,6985.65,0.0
805,16.85,12.06,6.84,10473.39,6992.49,0.0
411,5.34,9.06,18.0,10502.61,7010.49,0.0
529,14.32,9.85,8.32,10520.15,7018.81,0.0
33,9.57,19.05,19.88,10655.15,7038.7,0.0
559,7.62,12.56,10.67,10663.37,7049.36,0.0
843,5.73,13.82,6.86,10744.54,7056.23,0.0
810,11.84,19.78,8.97,10745.16,7068.95,0.0
203,16.45,6.34,9.09,10753.43,7078.04,0.0
485,19.95,11.65,14.28,10806.66,7092.32,0.0
589,5.39,16.79,7.29,10839.16,7102.05,0.0
231,6.91,10.37,6.31,10842.93,7111.45,0.0
350,12.15,14.76,12.61,10859.78,7132.5,0.0
306,10.06,16.72,9.73,10874.16,7146.34,0.0
47,6.33,14.38,6.43,10878.33,7157.43,0.0
131,11.88,13.67,13.24,10945.08,7177.9,0.0
235,16.53,12.53,9.25,10949.92,7187.15,0.0
101,15.67,15.16,6.74,11008.22,7199.1,0.0
156,17.0,5.71,7.53,11012.94,7206.62,0.0
630,9.55,10.84,10.64,11031.85,7219.55,0.0
980,11.06,6.32,13.69,11103.75,7233.24,0.0
241,12.79,8.0,9.53,11150.34,7242.77,0.0
878,5.06,16.0,15.41,11220.7,7258.17,0.0
568,11.69,5.58,18.32,11243.28,7276.49,0.0
234,8.85,14.62,6.63,11248.18,7283.12,0.0
509,7.5,17.32,9.14,11252.44,7292.26,0.0
404,13.87,15.21,13.73,11260.85,7305.99,0.0
972,7.75,14.3,5.14,11282.77,7311.39,0.0
579,19.01,7.26,14.15,11290.79,7327.67,0.0
207,16.17,7.77,11.85,11327.64,7339.52,0.0
607,7.51,14.49,17.16,11353.81,7356.68,0.0
239,9.2,18.22,8.16,11358.35,7364.84,0.0
638,15.43,19.07,15.4,11370.0,7388.47,0.0
888,15.03,8.18,12.36,11376.22,7400.83,0.0
48,19.49,7.11,16.38,11430.4,7417.21,0.0
146,19.97,17.43,15.65,11434.83,7432.86,0.0
42,14.38,14.49,7.04,11435.78,7439.9,0.0
818,5.97,6.76,12.57,11460.29,7452.47,0.0
885,8.14,18.17,11.3,11497.76,7463.77,0.0
122,18.6,9.5,13.42,11613.84,7477.19,0.0
731,13.23,18.6,6.27,11704.14,7483.46,0.0
18,15.59,6.82,5.76,11768.66,7489.22,0.0
654,12.46,7.42,9.17,11841.96,7498.39,0.0
603,17.31,9.16,19.58,11847.58,7517.97,0.0
622,14.83,18.62,17.84,11865.47,7535.81,0.0
747,11.31,9.86,8.86,11868.54,7544.67,0.0
802,8.18,17.51,5.77,11891.25,7550.44,0.0
524,18.47,18.66,11.41,11938.86,7572.76,0.0
773,15.87,17.1,11.22,11977.27,7589.67,0.0
636,9.15,12.24,11.14,12012.23,7601.83,0.0
695,6.08,6.35,15.64,12015.75,7617.47,0.0
379,14.01,15.89,17.91,12070.19,7635.38,0.0
201,12.9,6.13,19.22,12076.16,7654.6,0.0
881,13.05,5.98,9.48,12112.66,7664.08,0.0
252,12.73,9.0,13.73,12187.51,7677.81,0.0
434,9.27,9.98,16.67,12244.56,7694.48,0.0
991,19.15,14.34,10.1,12268.93,7704.59,0.0
666,17.18,7.26,15.95,12274.8,7720.54,0.0
756,15.25,16.63,10.85,12309.96,7731.38,0.0
136,15.86,17.84,9.38,12314.17,7740.76,0.0
945,9.15,9.68,11.0,12325.02,7751.76,0.0
527,5.15,18.33,9.88,12349.96,7761.64,0.0
907,18.0,8.3,16.84,12365.69,7778.48,0.0
734,13.86,9.08,18.79,12377.15,7797.26,0.0
217,15.74,16.43,8.48,12406.24,7805.75,0.0
902,9.73,17.69,12.53,12431.63,7818.27,0.0
37,7.76,19.65,5.34,12507.98,7823.62,0.0
631,14.84,19.38,6.65,12557.74,7830.27,0.0
552,7.51,19.05,17.09,12597.07,7854.78,0.0
435,14.77,18.83,13.34,12603.07,7869.85,0.0
781,12.7,11.4,9.43,12661.49,7879.29,0.0
437,16.29,19.11,15.69,12664.98,7902.72,0.0
873,16.04,13.04,16.11,12669.03,7918.83,0.0
123,13.68,10.08,16.86,12692.36,7935.7,0.0
719,14.63,12.15,11.7,12714.91,7947.39,0.0
722,13.24,11.49,6.91,12755.8,7954.3,0.0
536,14.96,16.0,5.58,12763.88,7959.88,0.0
465,8.08,18.38,18.57,12780.25,7986.73,0.0
417,14.23,15.79,16.98,12816.64,8003.71,0.0
397,13.95,10.82,19.91,12852.99,8023.62,0.0
85,15.44,6.48,16.93,12867.99,8040.55,0.0
515,14.05,15.21,8.89,12997.93,8049.44,0.0
896,5.92,6.99,14.77,13004.79,8064.21,0.0
120,7.12,10.29,7.59,13034.1,8071.8,0.0
9,18.71,8.56,11.72,13217.14,8083.52,0.0
795,14.18,7.62,9.43,13225.88,8092.95,0.0
373,10.51,18.11,17.28,13240.61,8110.23,0.0
453,5.57,10.96,18.73,13251.3,8128.96,0.0
129,15.68,13.26,11.82,13251.33,8140.78,0.0
670,17.36,17.19,15.82,13291.97,8156.6,0.0
946,6.15,16.51,16.15,13336.73,8172.75,0.0
205,7.55,5.07,14.99,13347.0,8187.74,0.0
718,15.1,10.98,12.94,13371.49,8200.68,0.0
130,9.58,10.94,10.02,13437.88,8210.7,0.0
915,14.2,9.37,9.15,13465.11,8219.85,0.0
251,13.64,8.72,19.91,13486.19,8239.77,0.0
823,13.19,5.53,16.38,13497.83,8256.14,0.0
179,9.84,18.36,12.31,13518.51,8268.46,0.0
547,8.64,12.99,14.91,13675.39,8283.36,0.0
651,6.16,13.61,14.06,13680.3,8297.42,0.0
19,8.29,9.65,14.32,13685.85,8311.74,0.0
314,11.03,9.99,17.79,13698.62,8329.53,0.0
381,8.99,19.9,6.66,13744.95,8336.19,0.0
815,14.96,15.75,9.89,13769.11,8346.08,0.0
526,14.63,15.56,12.33,13794.84,8358.41,0.0
301,6.57,5.1,15.41,13812.78,8373.82,0.0
947,10.8,9.78,9.49,13838.69,8383.31,0.0
428,16.56,8.46,15.49,13920.24,8398.8,0.0
733,10.13,13.19,12.48,13948.12,8411.28,0.0
848,6.15,9.47,16.69,13952.12,8427.97,0.0
224,8.1,14.79,11.86,14027.48,8439.84,0.0
221,5.67,6.54,17.07,14063.67,8456.91,0.0
168,18.6,13.54,9.17,14134.48,8466.08,0.0
721,7.94,19.4,7.82,14265.03,8473.9,0.0
63,9.73,8.06,9.02,14277.45,8482.91,0.0
339,10.57,18.32,15.86,14277.52,8498.77,0.0
682,14.8,14.78,14.9,14279.16,8513.67,0.0
998,10.85,16.28,11.18,14452.73,8524.85,0.0
296,13.44,16.01,15.52,14485.61,8540.38,0.0
194,16.62,6.92,11.67,14487.09,8552.05,0.0
108,14.54,16.38,15.64,14539.75,8567.69,0.0
723,19.77,17.64,7.98,14558.62,8575.67,0.0
808,12.53,8.34,14.9,14565.55,8590.57,0.0
315,8.52,13.49,17.26,14595.26,8607.82,0.0
446,5.61,5.23,16.48,14630.66,8624.3,0.0
600,9.6,6.35,8.15,14646.97,8632.46,0.0
764,16.36,8.43,5.79,14666.08,8638.25,0.0
161,11.66,11.37,13.84,14669.84,8652.09,0.0
149,5.79,10.16,5.54,14708.79,8657.62,0.0
640,17.85,18.75,6.34,14712.39,8663.96,0.0
267,11.76,19.87,16.86,14717.27,8680.82,0.0
825,5.73,5.2,19.76,14768.31,8700.59,0.0
680,16.78,10.49,5.58,14791.75,8706.17,0.0
711,5.43,18.67,6.22,14920.95,8712.38,0.0
930,9.13,14.97,13.61,14987.43,8725.99,0.0
87,13.29,18.09,5.64,15003.88,8731.63,0.0
821,18.57,7.69,12.92,15106.84,8744.55,0.0
174,17.35,14.1,11.56,15126.69,8756.11,0.0
451,16.94,9.15,5.47,15155.51,8761.58,0.0
439,18.12,14.85,10.1,15236.79,8771.68,0.0
647,10.1,12.02,17.96,15242.13,8789.63,0.0
80,8.29,19.22,10.02,15292.15,8799.66,0.0
410,13.68,6.42,13.25,15318.62,8812.91,0.0
521,11.14,19.61,19.02,15419.03,8831.93,0.0
488,15.9,19.24,15.27,15483.0,8847.2,0.0
493,10.21,14.12,16.08,15546.02,8863.28,0.0
643,17.6,9.27,9.65,15549.55,8872.94,0.0
377,19.08,9.76,17.63,15579.52,8890.56,0.0
744,17.93,7.34,18.88,15724.94,8909.44,0.0
741,17.75,8.33,16.14,15727.75,8925.58,0.0
0,7.19,11.82,16.56,15899.33,8942.14,0.0
860,17.74,7.4,6.81,15937.92,8948.95,0.0
817,9.07,13.4,11.86,15947.17,8960.81,0.0
357,15.66,15.29,17.42,15949.77,8978.23,0.0
911,18.68,11.53,10.25,15961.93,8988.48,0.0
798,13.3,16.16,10.63,16215.07,8999.1,0.0
593,7.58,11.3,8.83,16231.0,9007.93,0.0
153,6.74,5.51,14.98,16352.9,9022.92,0.0
158,7.83,17.64,10.41,16413.47,9033.33,0.0
687,10.28,17.83,9.49,16449.19,9042.82,0.0
663,8.17,15.04,5.71,16523.37,9048.53,0.0
21,6.71,7.89,12.88,16550.75,9061.41,0.0
572,9.93,15.46,13.21,16621.7,9074.61,0.0
598,15.03,11.36,11.51,16661.16,9086.12,0.0
629,11.36,10.77,14.5,16674.03,9100.62,0.0
292,11.04,13.91,5.61,16709.24,9106.23,0.0
769,10.49,10.24,5.54,16748.49,9111.77,0.0
697,13.59,16.76,5.28,16836.49,9117.05,0.0
468,5.03,14.84,11.07,16849.14,9128.11,0.0
262,7.29,18.31,10.19,16873.38,9138.3,0.0
125,16.02,15.65,19.92,16940.57,9158.23,0.0
36,10.29,15.11,11.66,16941.49,9169.89,0.0
140,12.5,5.78,19.77,16945.11,9189.66,0.0
218,18.68,14.88,10.79,17044.64,9200.45,0.0
561,6.84,13.26,15.64,17068.95,9216.1,0.0
358,14.95,5.65,12.4,17110.58,9228.5,0.0
727,11.89,13.14,5.17,17217.98,9233.67,0.0
963,8.24,16.15,16.97,17233.96,9250.64,0.0
869,6.5,12.68,7.29,17265.4,9257.93,0.0
222,18.2,18.92,7.72,17301.12,9265.65,0.0
300,6.21,14.24,10.32,17345.64,9275.97,0.0
420,13.14,14.62,12.3,17364.31,9288.27,0.0
76,10.96,9.87,18.78,17416.98,9307.05,0.0
961,15.26,13.16,13.12,17437.11,9320.17,0.0
192,12.75,15.75,14.94,17600.22,9335.11,0.0
353,14.69,13.41,12.96,17613.71,9348.08,0.0
392,9.35,17.99,14.95,17644.63,9363.03,0.0
837,12.6,8.13,16.22,17669.76,9379.25,0.0
139,13.11,13.22,16.41,17689.53,9395.65,0.0
474,18.78,8.11,15.89,17732.06,9411.55,0.0
82,15.44,12.64,17.92,17831.97,9429.47,0.0
182,18.49,15.29,12.74,17836.09,9442.2,0.0
258,18.12,19.99,15.19,17920.12,9457.39,0.0
887,18.46,11.38,10.64,17928.74,9468.03,0.0
844,10.65,10.12,17.17,17948.71,9485.2,0.0
309,8.14,7.92,8.0,17963.74,9493.19,0.0
295,17.26,6.94,8.3,17996.25,9501.49,0.0
84,19.45,19.14,13.03,18059.88,9514.52,0.0
782,9.9,18.21,13.47,18210.03,9527.99,0.0
17,15.14,17.92,7.47,18232.27,9535.46,0.0
983,16.71,13.86,17.14,18337.14,9552.59,0.0
871,11.17,17.91,14.49,18356.46,9567.08,0.0
512,16.5,19.74,10.81,18392.26,9577.89,0.0
563,11.67,15.69,12.12,18427.62,9590.01,0.0
216,12.87,16.6,19.98,18448.25,9613.07,0.0
618,6.74,19.8,12.87,18465.06,9625.95,0.0
211,18.22,17.69,5.82,18475.41,9636.41,0.0
13,17.81,10.44,12.25,18640.6,9653.29,0.0
570,9.65,6.23,6.41,18666.64,9659.69,0.0
650,16.7,8.27,12.71,18669.11,9672.4,0.0
61,7.88,6.32,10.15,18878.56,9682.55,0.0
223,9.04,15.08,5.79,18925.22,9688.34,0.0
15,17.71,18.64,15.72,18952.48,9711.3,0.0
754,10.82,9.33,9.2,18973.55,9720.5,0.0
934,9.98,5.73,9.7,18974.78,9730.2,0.0
472,5.33,15.17,13.49,18986.6,9743.69,0.0
3,19.21,10.03,9.64,18998.45,9753.33,0.0
617,5.53,13.13,10.79,19028.42,9764.12,0.0
208,16.89,7.78,8.09,19074.93,9772.21,0.0
86,19.48,12.19,9.17,19094.93,9781.38,0.0
276,16.0,13.12,16.24,19118.62,9798.31,0.0
668,15.8,9.72,15.6,19135.75,9813.91,0.0
582,8.71,9.79,19.83,19150.42,9833.74,0.0
765,10.39,13.01,6.24,19206.49,9839.98,0.0
532,13.95,6.3,8.68,19397.15,9848.66,0.0
531,17.2,14.86,16.89,19406.04,9865.56,0.0
400,10.65,16.72,14.94,19480.24,9880.5,0.0
372,17.9,16.05,11.76,19487.74,9892.26,0.0
460,16.92,18.36,19.28,19561.92,9911.54,0.0
703,12.69,5.46,15.24,19603.34,9926.78,0.0
969,16.2,12.99,12.29,19629.78,9939.07,0.0
931,11.64,14.69,17.01,19646.13,9956.09,0.0
679,11.37,18.43,11.47,19713.17,9967.56,0.0
583,16.11,18.81,10.5,19804.89,9978.06,0.0
391,5.79,15.68,14.26,19907.89,9992.32,0.0
426,15.28,17.29,8.59,19964.17,10000.91,0.0
299,13.0,18.01,18.35,20093.93,10026.59,0.0
544,9.99,8.26,17.13,20113.0,10043.72,0.0
503,14.24,16.03,7.48,20129.75,10051.2,0.0
244,9.64,16.45,16.5,20193.4,10067.69,0.0
968,6.79,11.41,14.07,20436.85,10081.76,0.0
872,9.49,17.37,9.04,20502.6,10090.8,0.0
206,5.29,7.9,9.91,20532.95,10100.71,0.0
261,15.39,5.68,18.57,20568.06,10119.28,0.0
294,11.58,5.52,19.87,20686.05,10139.15,0.0
135,16.64,6.47,18.39,20700.0,10157.54,0.0
363,16.91,8.19,7.14,20800.48,10164.67,0.0
24,13.18,15.51,7.42,20840.0,10172.09,0.0
742,19.47,10.27,8.44,20893.66,10180.53,0.0
200,9.07,5.77,19.47,20941.1,10200.0,0.0
913,17.3,8.35,16.7,21158.76,10216.7,0.0
185,11.17,7.5,10.43,21173.67,10227.14,0.0
858,15.24,19.43,13.3,21341.3,10240.43,0.0
271,17.46,8.06,5.63,21411.84,10246.06,0.0
770,16.45,7.51,12.23,21455.88,10258.29,0.0
143,7.78,10.83,5.0,21546.39,10263.29,0.0
172,17.26,17.35,18.71,21549.47,10282.0,0.0
520,18.5,11.72,18.75,21585.99,10300.76,0.0
626,14.39,15.32,10.4,21639.97,10311.16,0.0
464,16.26,14.41,6.34,21679.21,10317.5,0.0
581,18.15,15.63,10.27,21688.15,10327.77,0.0
383,12.59,5.28,18.44,21862.42,10346.21,0.0
243,15.99,12.38,9.82,21941.24,10356.02,0.0
686,13.87,12.4,14.8,21989.72,10370.82,0.0
112,5.74,15.59,12.91,21992.86,10383.73,0.0
213,19.26,14.06,19.42,22105.72,10403.15,0.0
857,8.18,17.92,10.89,22256.87,10414.04,0.0
835,7.72,7.02,7.78,22371.11,10421.82,0.0
35,14.64,14.4,17.8,22374.55,10439.62,0.0
864,10.5,17.45,12.27,22512.76,10451.89,0.0
154,12.94,13.37,16.58,22676.39,10468.47,0.0
591,18.35,15.35,18.85,22691.99,10487.31,0.0
362,9.07,14.73,13.36,22735.65,10500.67,0.0
855,16.73,16.34,19.56,22877.87,10520.22,0.0
193,12.71,16.82,14.95,23187.58,10535.17,0.0
905,12.78,18.47,13.61,23255.46,10548.78,0.0
79,6.21,14.23,17.45,23392.71,10566.23,0.0
189,7.92,5.98,17.98,23406.05,10584.21,0.0
98,15.99,19.36,7.15,23463.58,10591.35,0.0
960,12.89,6.03,13.61,23469.25,10604.96,0.0
571,16.48,9.1,12.43,23600.78,10617.4,0.0
307,9.07,19.17,8.04,23636.89,10625.43,0.0
819,11.9,7.97,14.57,23653.72,10640.01,0.0
879,11.68,5.25,19.24,23720.47,10659.25,0.0
829,14.46,16.65,7.25,23724.71,10666.5,0.0
91,19.53,7.66,13.44,23785.27,10679.94,0.0
414,5.46,12.7,10.88,23794.49,10690.82,0.0
343,8.66,9.28,5.94,23853.34,10696.76,0.0
944,19.15,11.93,14.51,23907.82,10711.27,0.0
753,7.58,14.55,5.51,23912.35,10716.78,0.0
8,16.6,13.49,7.89,23913.68,10724.67,0.0
760,18.34,11.28,8.01,23931.54,10732.68,0.0
50,18.33,6.56,17.51,24022.87,10750.18,0.0
416,10.97,13.43,16.42,24497.25,10766.61,0.0
171,17.42,15.63,11.73,24534.59,10778.34,0.0
115,19.95,18.4,17.19,24615.35,10795.53,0.0
380,19.36,11.22,13.68,24619.57,10809.21,0.0
910,16.39,10.76,17.14,24710.55,10826.35,0.0
152,17.97,13.26,11.98,24875.7,10838.33,0.0
780,5.92,7.8,12.03,25338.6,10850.36,0.0
425,13.73,13.55,6.59,25602.02,10856.95,0.0
510,9.08,11.07,10.54,25619.28,10867.49,0.0
669,16.32,16.48,10.73,25793.1,10878.22,0.0
43,13.77,6.67,9.51,25842.05,10887.73,0.0
803,13.35,17.75,8.98,25929.61,10896.71,0.0
929,14.8,18.13,18.12,26134.32,10914.82,0.0
329,7.42,10.99,16.04,26155.98,10930.86,0.0
331,18.43,10.97,15.09,26169.32,10945.95,0.0
978,11.21,9.1,9.25,26196.13,10955.2,0.0
897,11.52,19.44,5.75,26337.17,10960.95,0.0
347,12.84,17.84,6.26,26368.01,10967.21,0.0
752,5.97,15.26,8.27,26382.89,10975.48,0.0
542,15.35,17.19,19.14,26637.83,10994.62,0.0
530,12.33,17.96,19.09,26649.92,11013.71,0.0
628,19.88,11.67,10.76,26869.47,11024.47,0.0
886,6.59,10.21,12.19,26893.76,11036.66,0.0
842,5.4,18.56,9.63,26997.98,11046.29,0.0
766,14.89,11.89,12.18,27110.09,11058.47,0.0
479,17.61,15.89,15.8,27359.68,11074.27,0.0
724,13.14,8.97,14.11,27448.35,11088.38,0.0
892,14.21,9.44,15.91,27545.11,11104.29,0.0
645,8.73,14.31,7.06,27626.77,11111.35,0.0
492,8.94,12.43,14.37,27641.38,11125.72,0.0
452,11.78,19.1,19.15,27754.09,11144.87,0.0
667,18.43,17.1,19.96,27757.96,11164.83,0.0
939,7.4,9.08,18.92,27809.57,11183.76,0.0
166,19.18,8.89,10.29,27813.08,11194.05,0.0
412,8.31,9.76,12.64,27978.46,11206.68,0.0
195,15.72,11.66,13.9,28111.65,11220.58,0.0
316,14.49,13.52,19.85,28177.89,11240.43,0.0
919,7.15,16.15,9.15,28224.93,11249.58,0.0
800,9.75,7.89,9.15,28362.93,11258.73,0.0
657,17.45,11.9,14.12,28486.95,11272.85,0.0
303,17.91,13.13,10.24,28617.88,11283.1,0.0
409,17.55,15.4,15.86,28625.03,11298.96,0.0
38,10.29,17.01,7.15,28784.91,11306.11,0.0
81,13.93,12.14,15.34,28785.58,11321.46,0.0
699,17.88,19.82,17.54,28827.87,11339.0,0.0
566,5.26,5.4,9.43,28927.87,11348.43,0.0
861,6.18,19.24,8.88,29069.95,11357.31,0.0
302,14.71,6.56,14.87,29093.67,11372.18,0.0
173,5.03,14.6,6.42,29214.74,11378.6,0.0
471,16.42,18.09,18.79,29342.32,11397.39,0.0
361,18.78,7.03,14.62,29429.15,11412.0,0.0
702,19.41,7.92,16.69,29487.5,11428.7,0.0
661,18.76,12.2,11.33,29674.27,11440.02,0.0
376,11.87,5.01,5.5,29708.06,11445.52,0.0
937,18.09,7.89,19.87,30082.5,11465.39,0.0
804,12.67,6.75,6.58,30130.27,11471.97,0.0
984,18.39,7.54,11.29,30134.75,11483.26,0.0
68,8.99,8.26,9.41,30145.48,11492.67,0.0
335,15.43,16.96,9.87,30197.66,11502.54,0.0
55,12.66,8.05,5.71,30304.52,11508.25,0.0
113,17.95,16.29,16.91,30312.98,11525.16,0.0
685,18.12,8.85,14.28,30331.1,11539.45,0.0
97,11.02,6.66,14.59,30352.35,11554.04,0.0
430,5.41,19.25,13.82,30406.79,11567.86,0.0
337,16.83,10.1,19.8,30607.72,11587.66,0.0
539,8.42,19.1,11.44,30813.97,11599.09,0.0
830,17.48,8.31,12.62,30822.41,11611.71,0.0
504,14.97,15.22,9.44,30827.09,11621.15,0.0
448,18.59,7.88,16.52,30983.85,11637.67,0.0
64,11.65,16.35,5.24,31102.55,11642.91,0.0
746,18.52,18.37,13.1,31234.31,11656.0,0.0
714,19.22,5.72,18.3,31260.93,11674.31,0.0
431,13.77,15.92,12.39,31464.72,11686.7,0.0
845,14.97,7.9,14.44,31579.07,11701.14,0.0
725,6.79,14.69,19.71,31698.48,11720.85,0.0
757,11.05,18.16,19.79,31940.7,11740.63,0.0
51,6.74,18.73,16.76,31972.64,11757.39,0.0
704,9.89,8.18,19.42,32163.62,11776.81,0.0
181,7.65,5.94,8.55,32197.22,11785.36,0.0
467,15.76,11.51,14.59,32483.03,11799.95,0.0
490,17.12,19.55,9.8,32578.78,11809.75,0.0
386,18.58,14.45,5.26,32778.38,11815.01,0.0
528,10.47,7.04,19.29,32995.96,11834.3,0.0
575,6.99,15.0,14.99,33297.84,11849.29,0.0
995,8.94,10.06,14.03,33383.41,11863.33,0.0
507,8.94,6.36,15.55,34466.0,11878.88,0.0
449,5.81,9.09,9.91,34683.51,11888.78,0.0
116,16.2,13.61,12.77,34769.36,11901.55,0.0
877,13.36,14.7,9.61,34837.27,11911.16,0.0
2,6.2,11.84,5.72,35092.15,11916.88,0.0
60,9.6,18.22,15.44,35301.36,11932.32,0.0
355,14.66,11.03,18.98,35349.61,11951.31,0.0
454,12.28,13.06,18.82,35558.22,11970.12,0.0
720,6.26,18.09,6.2,35581.66,11976.32,0.0
599,9.7,14.03,15.08,35862.16,11991.4,0.0
255,9.77,9.2,9.74,36033.04,12001.14,0.0
652,14.12,7.15,19.85,36157.06,12020.99,0.0
952,10.95,8.23,6.04,36465.38,12027.03,0.0
715,8.49,18.5,6.45,36624.57,12033.48,0.0
298,12.9,12.58,11.54,36913.05,12045.02,0.0
438,13.67,7.01,9.84,37173.91,12054.86,0.0
545,14.73,19.33,11.52,37356.48,12066.38,0.0
859,17.15,11.72,11.36,37375.04,12077.74,0.0
826,15.18,12.98,12.69,37388.15,12090.43,0.0
259,15.39,17.07,13.59,38003.89,12104.02,0.0
641,18.75,14.24,19.56,38268.04,12123.57,0.0
739,9.82,13.42,10.65,38639.8,12134.23,0.0
801,5.63,11.22,13.24,38970.81,12147.46,0.0
648,15.95,15.69,7.72,38973.63,12155.18,0.0
506,16.65,5.6,17.43,39073.16,12172.62,0.0
565,17.32,7.03,18.54,39749.87,12191.16,0.0
359,14.83,16.29,13.7,40209.65,12204.86,0.0
233,11.07,16.05,8.55,40239.67,12213.42,0.0
675,16.97,16.65,15.4,40515.11,12228.82,0.0
783,10.42,15.83,8.98,40542.32,12237.8,0.0
5,14.39,19.45,8.16,40603.95,12245.96,0.0
423,5.11,7.5,9.06,40811.84,12255.02,0.0
138,16.41,5.92,14.65,41718.28,12269.67,0.0
456,13.46,19.24,16.24,41927.09,12285.91,0.0
220,15.92,8.07,8.17,42339.88,12294.08,0.0
958,17.12,16.87,17.06,42451.54,12311.14,0.0
440,6.8,14.41,19.18,42530.95,12330.32,0.0
293,9.18,9.51,5.95,43004.49,12336.26,0.0
882,15.63,19.44,17.73,43132.08,12354.0,0.0
777,5.04,8.07,12.7,43409.34,12366.7,0.0
159,16.03,11.75,6.72,43410.77,12373.42,0.0
706,6.46,19.04,5.46,44054.06,12378.88,0.0
240,14.02,5.88,16.47,44093.45,12395.35,0.0
384,16.38,12.17,7.31,44570.01,12402.67,0.0
814,17.99,15.11,18.33,44661.21,12421.0,0.0
10,18.54,6.9,13.31,44917.55,12434.31,0.0
986,16.09,19.05,9.8,44935.35,12444.11,0.0
555,14.87,10.28,9.14,45014.75,12453.25,0.0
786,16.88,14.65,18.87,45054.77,12472.12,0.0
562,5.63,7.35,8.14,45183.14,12480.25,0.0
712,18.63,6.11,9.41,46367.41,12489.66,0.0
809,12.43,9.64,15.16,47072.43,12504.83,0.0
671,10.06,9.66,15.99,49273.92,12520.82,0.0
981,19.12,6.44,6.67,49842.38,12527.49,0.0
807,12.21,7.43,10.71,49872.97,12538.2,0.0
455,10.86,19.97,13.15,50685.14,12551.35,0.0
264,10.69,12.58,6.71,51260.35,12558.06,0.0
30,11.19,18.96,13.97,51314.48,12572.03,0.0
692,9.24,9.35,6.48,52730.85,12578.52,0.0
751,13.71,12.47,14.93,55152.66,12593.45,0.0
655,7.32,17.15,13.0,56822.73,12606.45,0.0
73,17.58,5.59,12.48,57260.92,12618.93,0.0
284,13.29,13.1,17.95,57365.92,12636.88,0.0
909,15.54,10.38,18.91,58041.16,12655.79,0.0
491,14.12,10.47,12.96,60912.26,12668.75,0.0
405,13.94,5.48,17.12,61163.13,12685.87,0.0
684,15.25,11.1,14.88,64015.02,12700.75,0.0
546,19.5,14.13,10.72,66170.43,12711.47,0.0
899,13.48,9.43,8.64,67063.78,12720.11,0.0
508,14.44,8.08,15.64,67783.01,12735.75,0.0
368,5.78,10.52,14.57,68512.45,12750.32,0.0
327,15.24,5.63,5.5,72752.93,12755.82,0.0
126,19.88,9.92,9.15,76073.71,12764.97,0.0
